{
  "repository": "awsdocs/aws-lambda-developer-guide",
  "folder_path": "",
  "output_directory": "/home/vmukti/Python/RAG/data/aws_docs",
  "total_found": 13,
  "successfully_extracted": 13,
  "extraction_settings": {
    "recursive": true,
    "rename_by_content": true
  },
  "files": [
    {
      "original_path": "README.md",
      "saved_as": "aws_lambda_developer_guide.md",
      "full_path": "/home/vmukti/Python/RAG/data/aws_docs/aws_lambda_developer_guide.md",
      "size": 593,
      "content_preview": "## AWS Lambda Developer Guide\n\nThis repository contains additional resources for the AWS Lambda deve..."
    },
    {
      "original_path": "iam-policies/README.md",
      "saved_as": "lambda_console_iam_policy.md",
      "full_path": "/home/vmukti/Python/RAG/data/aws_docs/lambda_console_iam_policy.md",
      "size": 1610,
      "content_preview": "# Lambda console IAM policy examples\r\n\r\nThe documents in this folder show AWS Identity and Access Ma..."
    },
    {
      "original_path": "sample-apps/blank-csharp-with-layer/README.md",
      "saved_as": "blank_function_with_layer.md",
      "full_path": "/home/vmukti/Python/RAG/data/aws_docs/blank_function_with_layer.md",
      "size": 4235,
      "content_preview": "# Blank function with layer (C#)\r\n\r\n![Architecture](/sample-apps/blank-csharp/images/sample-blank-cs..."
    },
    {
      "original_path": "sample-apps/blank-csharp/README.md",
      "saved_as": "blank_function_c.md",
      "full_path": "/home/vmukti/Python/RAG/data/aws_docs/blank_function_c.md",
      "size": 3295,
      "content_preview": "# Blank function (C#)\r\n\r\n![Architecture](/sample-apps/blank-csharp/images/sample-blank-csharp.png)\r\n..."
    },
    {
      "original_path": "sample-apps/blank-go/README.md",
      "saved_as": "blank_function_go.md",
      "full_path": "/home/vmukti/Python/RAG/data/aws_docs/blank_function_go.md",
      "size": 2543,
      "content_preview": "# Blank function (Go)\n\n![Architecture](/sample-apps/blank-go/images/sample-blank-go.png)\n\nThe projec..."
    },
    {
      "original_path": "sample-apps/blank-java/README.md",
      "saved_as": "blank_function_java.md",
      "full_path": "/home/vmukti/Python/RAG/data/aws_docs/blank_function_java.md",
      "size": 3905,
      "content_preview": "# Blank function (Java)\n\n![Architecture](/sample-apps/blank-java/images/sample-blank-java.png)\n\nThe ..."
    },
    {
      "original_path": "sample-apps/blank-nodejs/README.md",
      "saved_as": "blank_function_nodejs.md",
      "full_path": "/home/vmukti/Python/RAG/data/aws_docs/blank_function_nodejs.md",
      "size": 5203,
      "content_preview": "# Blank function (Node.js)\nThis sample application is a Lambda function that calls the Lambda API. I..."
    },
    {
      "original_path": "sample-apps/blank-powershell/README.md",
      "saved_as": "blank_function_powershell.md",
      "full_path": "/home/vmukti/Python/RAG/data/aws_docs/blank_function_powershell.md",
      "size": 3199,
      "content_preview": "# Blank function (PowerShell)\n\n![Architecture](/sample-apps/blank-powershell/images/sample-blank-pow..."
    },
    {
      "original_path": "sample-apps/blank-python/README.md",
      "saved_as": "blank_function_python.md",
      "full_path": "/home/vmukti/Python/RAG/data/aws_docs/blank_function_python.md",
      "size": 3084,
      "content_preview": "# Blank function (Python)\n\n![Architecture](/sample-apps/blank-python/images/sample-blank-python.png)..."
    },
    {
      "original_path": "sample-apps/blank-ruby/README.md",
      "saved_as": "blank_function_ruby.md",
      "full_path": "/home/vmukti/Python/RAG/data/aws_docs/blank_function_ruby.md",
      "size": 3152,
      "content_preview": "# Blank function (Ruby)\n\n![Architecture](/sample-apps/blank-ruby/images/sample-blank-ruby.png)\n\nThe ..."
    },
    {
      "original_path": "sample-apps/ec2-spot/README.md",
      "saved_as": "ec2_spot_instance_function.md",
      "full_path": "/home/vmukti/Python/RAG/data/aws_docs/ec2_spot_instance_function.md",
      "size": 3271,
      "content_preview": "# EC2 spot instance function\n\n![Architecture](/sample-apps/ec2-spot/images/sample-ec2spot.png)\n\nThe ..."
    },
    {
      "original_path": "sample-apps/efs-nodejs/README.md",
      "saved_as": "using_amazon_efs_for.md",
      "full_path": "/home/vmukti/Python/RAG/data/aws_docs/using_amazon_efs_for.md",
      "size": 3650,
      "content_preview": "# Using Amazon EFS for file storage\n\nThis application demonstrates the use of Amazon EFS with AWS La..."
    },
    {
      "original_path": "sample-apps/example-csharp/ExampleCS/src/ExampleCS/Readme.md",
      "saved_as": "aws_lambda_empty_function.md",
      "full_path": "/home/vmukti/Python/RAG/data/aws_docs/aws_lambda_empty_function.md",
      "size": 2174,
      "content_preview": "# AWS Lambda Empty Function Project\n\nThis starter project consists of:\n* Function.cs - class file co..."
    }
  ]
}